tax_2026_재정학_9	9. 부가가치세에 관한 설명으로 옳은 것은?
tax_2026_재정학_10	10. 국내 및 해외의 조세제도 개혁 동향에 관한 설명으로 옳지 않은 것은?
tax_2026_재정학_11	11. 조세지출이 정당성을 부여받기 위해 필요한 검증 과정으로 옳은 것을 모두 고른 것은?\nㄱ. 조세지출을 통한 민간부문의 특정 행위 촉진이 바람직해야 한다.\nㄴ. 조세지출은 항상 효율성을 우선적으로 충족해야 한다.\nㄷ. 민간부문을 대신하여 정부가 조세지출로 관여하는 이유가 명확해야 한다.\nㄹ. 민간부문의 특정 행위 촉진 방법으로 조세지출 사용이 최선인가를 검토해야 한다.\nㅁ. 조세지출 규모는 매년 일정 비율로 늘어나야 한다.
tax_2026_재정학_12	12. 근로소득세 부과가 노동공급에 미치는 영향에 관한 설명으로 옳지 않은 것은? (단, 근로소득만 존재한다고 가정한다.)
tax_2026_재정학_13	13. 시점간 소비선택 모형에서, 이자소득세 부과가 소비와 저축에 미치는 영향으로 옳지 않은 것은? (단, 미래소득은 영(0)이며 현재소비와 미래소비는 모두 정상재이다.)
tax_2026_재정학_14	14. 신고전파 투자이론에 관한 설명으로 옳지 않은 것은?
tax_2026_재정학_15	15. 경기과열에 대한 대응으로 투자를 억제하는 조치에 해당하는 것은?
tax_2026_재정학_16	16. 모딜리아니-밀러(F. Modigliani and M. Miller)의 배당무의미성이론에 관한 설명으로 옳은 것은?
tax_2026_재정학_17	17. 정부지출 증대를 위한 국채 발행이 경제에 미치는 영향에 관한 설명으로 옳지 않은 것은?
tax_2026_재정학_18	18. 공공요금이론에 관한 설명으로 옳지 않은 것은?
tax_2026_재정학_19	19. 우리나라 지방교부세의 종류로 옳지 않은 것은?
tax_2026_재정학_20	20. 정부에 대한 유기체적 견해(organic view)에 관한 설명으로 옳지 않은 것은?
tax_2026_재정학_21	21. 후생경제학의 기본정리에 관한 설명으로 옳은 것은? (단, 기본정리 성립을 위한 선호와 생산기술에 대한 전제조건은 만족한다고 하자.)
tax_2026_재정학_22	22. 두 재화 $x$와 $y$를 소비하는 두 소비자로 구성된 순수교환경제에서, 소비자 1과 2의 효용함수는 각각 $u_1(x_1, y_1) = x_1 y_1$ 과 $u_2(x_2, y_2) = x_2 y_2^2$ 이며, 초기부존은 각각 $(3,1)$ 과 $(0,3)$이다. 다음 배분 $((x_1,y_1),(x_2,y_2))$ 중 파레토 효율적 배분은?
tax_2026_재정학_23	23. 어느 독점기업이 직면하는 수요가 $P = 120 - \frac{1}{2}Q$이고, 한계비용이 $MC = Q$라 하자. 이 독점기업의 생산 활동으로 인해 발생하는 사회후생손실(social welfare loss)에 관한 설명으로 옳은 것을 모두 고른 것은? (단, $Q$는 생산량이다.)\nㄱ. 이 독점기업의 영업을 폐지하면, 영업을 계속하는 경우보다 사회후생이 증가한다.\nㄴ. 정부가 $P = 100$ 수준에서 최고가격제를 실시하면, 사회후생손실은 감소한다.\nㄷ. 정부가 $P = 80$ 수준에서 최고가격제를 실시하면, 사회후생손실은 0으로 감소한다.\nㄹ. 정부가 $P = 80$ 수준에서 최고가격제를 실시하면, 사회후생손실은 300만큼 감소한다.
tax_2026_재정학_24	24. 자연독점에 관한 설명으로 옳은 것은?
tax_2026_재정학_25	25. 순수공공재에 관한 설명으로 옳은 것을 모두 고른 것은?\nㄱ. 혼잡한 무료 국도는 순수공공재이다.\nㄴ. 대가를 지불하지 않아도 소비할 수 있는 재화이다.\nㄷ. 중앙정부에서 무료로 제공하는 볼펜은 순수공공재이다.\nㄹ. 지방정부에서 여름에 무료로 제공하는 얼음 생수는 순수공공재이다.
tax_2026_재정학_26	26. 어느 경제에서 공공재에 대한 개별수요가 서로 다른 두 그룹이 있으며 그룹 1은 6명, 그룹 2는 4명으로 구성되어 있다. 그룹 1에 속한 각 소비자의 공공재에 대한 개별수요는 $P_1 = 30 - \frac{1}{6}Q$ 이며, 그룹 2에 속한 각 소비자의 공공재에 대한 개별수요는 $P_2 = 60 - \frac{1}{2}Q$ 이다. 공공재 생산의 평균비용이 모든 생산량 $Q$에서 $AC = 240$으로 일정하다고 할 때, 효율적 공공재 공급을 위한 각 그룹별 개별소비자의 부담은 얼마인가?
tax_2026_재정학_27	27. 어떤 사회에서 선택 대안에 대한 각 구성원의 선호는 완비적(complete)이고 이행적(transitive)이며, 강선호(strict preference) 특성을 가지고 있다. 이 사회에서 투표로 사회적 선택을 하는 경우, 투표 제도에 관한 설명으로 옳은 것을 모두 고른 것은?\nㄱ. 꽁도세(Condorcet) 승자는 항상 존재한다.\nㄴ. 과반수투표제 승자가 존재하면, 꽁도세 승자와 반드시 일치한다.\nㄷ. 최다득표제 승자가 존재하면, 꽁도세 승자와 반드시 일치한다.\nㄹ. 꽁도세 승자가 존재한다면, 항상 유일하다.
tax_2026_재정학_28	28. 10명의 투표자 중 A 유형은 3명, B 유형은 3명, C 유형은 4명이며, 이들은 네 개의 대안 $a$, $b$, $c$, $d$를 놓고 선택하고자 한다. 각 유형의 대안에 대한 선호는 다음과 같다고 하자.\n○ A 유형[3명]: $a > b > c > d$\n○ B 유형[3명]: $a > b > d > c$\n○ C 유형[4명]: $b > c > d > a$\n꽁도세(Condorcet) 방식과 보다(Borda) 투표제로 승자를 각각 결정할 때, 그 결과로 옳은 것은? (단, 선호 조작은 없다고 가정한다.)
tax_2026_재정학_29	29. 외부효과가 발생한 경우, 코즈(Coase) 정리의 적용과 관련한 설명으로 옳지 않은 것은?
tax_2026_재정학_30	30. 어떤 공장이 생산 활동을 하면서 오염 물질을 배출한다. 이로 인한 피해자의 한계피해는 $MD = \frac{1}{2}Q$이며 피해자는 별도의 편익을 얻지 않는다. 공장의 한계편익은 $MB = 120 - Q$이며, 한계비용은 $MC = 0$이다. 당사자 간 협상은 자유롭게 이루어질 수 있으며 거래비용은 0이다. 오염배출권리가 공장에 있을 경우, 사회적으로 효율적인 생산량에 도달하도록 협상이 타결되기 위해 피해자가 공장에 제공해야 하는 최소 금액은 얼마인가? (단, $Q$는 생산량이다.)
tax_2026_재정학_31	31. 사회 A와 B는 각각 2개의 소득계층으로 구성되어 있다. A에서는 구성원 50%의 소득이 각각 100, 나머지가 각각 400이며, B에서는 구성원 50%의 소득이 각각 100, 나머지가 각각 300일 때, 소득불평등도에 관한 설명으로 옳지 않은 것은? (단, 동일한 소득계층 내에서 각 개인의 소득은 동일하며, 두 사회의 소득 불평등도는 로렌츠곡선으로 나타낼 수 있다.)
tax_2026_재정학_32	32. 소득분배이론에 관한 설명으로 옳지 않은 것은?
tax_2026_재정학_33	33. 소득분배 상태를 나타내는 불평등도지수에 관한 설명으로 옳은 것은?
tax_2026_재정학_34	34. 근로장려세제에 관한 설명으로 옳지 않은 것은?
tax_2026_재정학_35	35. 부의 소득세(negative income tax)에 관한 설명으로 옳지 않은 것은?
tax_2026_재정학_36	36. 우리나라의 소득재분배정책에 관한 설명으로 옳지 않은 것은?
tax_2026_재정학_37	37. 공적연금제도의 경제적 효과에 관한 설명으로 옳은 것은?
tax_2026_재정학_38	38. 예산제도에 관한 설명으로 옳은 것은?
tax_2026_재정학_39	39. 정부지출에 관한 설명으로 옳지 않은 것은?
tax_2026_재정학_40	40. 비용-편익 분석에 관한 설명으로 옳은 것은?
