exam	year	number	answer	subject
회계사	2021	1	4	경제학
회계사	2021	2	2	경제학
회계사	2021	3	2	경제학
회계사	2021	4	5	경제학
회계사	2021	5	4	경제학
회계사	2021	6	5	경제학
회계사	2021	7	3	경제학
회계사	2021	8	1	경제학
회계사	2021	9	3	경제학
회계사	2021	10	1	경제학
회계사	2021	11	1	경제학
회계사	2021	12	5	경제학
회계사	2021	13	5	경제학
회계사	2021	14	3	경제학
회계사	2021	15	2	경제학
회계사	2021	16	2	경제학
회계사	2021	17	4	경제학
회계사	2021	18	1	경제학
회계사	2021	19	5	경제학
회계사	2021	20	5	경제학
회계사	2021	21	2	경제학
회계사	2021	22	4	경제학
회계사	2021	24	2	경제학
회계사	2021	25	1	경제학
회계사	2021	26	4	경제학
회계사	2021	27	1	경제학
회계사	2021	28	3	경제학
회계사	2021	29	2	경제학
회계사	2021	30	4	경제학
회계사	2021	31	3	경제학
회계사	2021	32	4	경제학
회계사	2021	33	3	경제학
회계사	2021	34	3	경제학
회계사	2021	35	4	경제학
회계사	2021	36	1	경제학
회계사	2021	37	5	경제학
회계사	2021	38	5	경제학
회계사	2021	39	1	경제학
회계사	2021	40	3	경제학
회계사	2022	1	5	경제학
회계사	2022	2	4	경제학
회계사	2022	3	3	경제학
회계사	2022	4	4	경제학
회계사	2022	5	2	경제학
회계사	2022	6	1	경제학
회계사	2022	7	4	경제학
회계사	2022	8	2	경제학
회계사	2022	9	5	경제학
회계사	2022	10	3	경제학
회계사	2022	11	3	경제학
회계사	2022	12	4	경제학
회계사	2022	13	4	경제학
회계사	2022	14	1	경제학
회계사	2022	15	3	경제학
회계사	2022	16	2	경제학
회계사	2022	17	5	경제학
회계사	2022	18	4	경제학
회계사	2022	19	2	경제학
회계사	2022	20	4	경제학
회계사	2022	21	3	경제학
회계사	2022	22	5	경제학
회계사	2022	23	2	경제학
회계사	2022	24	3	경제학
회계사	2022	25	1	경제학
회계사	2022	26	3	경제학
회계사	2022	27	5	경제학
회계사	2022	28	1	경제학
회계사	2022	29	2	경제학
회계사	2022	30	5	경제학
회계사	2022	31	1	경제학
회계사	2022	32	4	경제학
회계사	2022	33	2	경제학
회계사	2022	34	1	경제학
회계사	2022	35	3	경제학
회계사	2022	36	3	경제학
회계사	2022	37	1	경제학
회계사	2022	38	5	경제학
회계사	2022	39	1	경제학
회계사	2022	40	2	경제학
회계사	2022	1	2	회계학
회계사	2022	2	1	회계학
회계사	2022	3	3	회계학
회계사	2022	4	3	회계학
회계사	2022	5	5	회계학
회계사	2022	6	3	회계학
회계사	2022	7	1	회계학
회계사	2022	8	4	회계학
회계사	2022	9	2	회계학
회계사	2022	10	4	회계학
회계사	2022	11	1	회계학
회계사	2022	12	5	회계학
회계사	2022	13	4	회계학
회계사	2022	14	2	회계학
회계사	2022	15	3	회계학
회계사	2022	16	4	회계학
회계사	2022	17	2	회계학
회계사	2022	18	5	회계학
회계사	2022	19	3	회계학
회계사	2022	20	5	회계학
회계사	2022	21	4	회계학
회계사	2022	22	1	회계학
회계사	2022	23	1	회계학
회계사	2022	24	2	회계학
회계사	2022	25	1	회계학
회계사	2022	26	5	회계학
회계사	2022	27	2	회계학
회계사	2022	28	4	회계학
회계사	2022	29	1	회계학
회계사	2022	30	3	회계학
회계사	2022	31	1	회계학
회계사	2022	32	3	회계학
회계사	2022	33	2	회계학
회계사	2022	34	5	회계학
회계사	2022	35	5	회계학
회계사	2022	36	4	회계학
회계사	2022	37	2	회계학
회계사	2022	38	5	회계학
회계사	2022	39	4	회계학
회계사	2022	40	3	회계학
회계사	2022	41	4	회계학
회계사	2022	42	5	회계학
회계사	2022	43	2	회계학
회계사	2022	44	1	회계학
회계사	2022	45	4	회계학
회계사	2022	46	2	회계학
회계사	2022	47	5	회계학
회계사	2022	48	3	회계학
회계사	2022	49	3	회계학
회계사	2022	50	1	회계학
회계사	2024	1	1	경제학
회계사	2024	2	1	경제학
회계사	2024	3	4	경제학
회계사	2024	4	2	경제학
회계사	2024	5	5	경제학
회계사	2024	6	3	경제학
회계사	2024	7	5	경제학
회계사	2024	8	1	경제학
회계사	2024	9	5	경제학
회계사	2024	10	5	경제학
회계사	2024	11	4	경제학
회계사	2024	12	5	경제학
회계사	2024	13	1	경제학
회계사	2024	14	4	경제학
회계사	2024	15	3	경제학
회계사	2024	16	4	경제학
회계사	2024	17	3	경제학
회계사	2024	18	2	경제학
회계사	2024	19	3	경제학
회계사	2024	20	2	경제학
회계사	2024	21	5	경제학
회계사	2024	22	1	경제학
회계사	2024	23	5	경제학
회계사	2024	24	4	경제학
회계사	2024	25	4	경제학
회계사	2024	26	5	경제학
회계사	2024	27	2	경제학
회계사	2024	28	2	경제학
회계사	2024	29	3	경제학
회계사	2024	30	3	경제학
회계사	2024	31	5	경제학
회계사	2024	32	2	경제학
회계사	2024	33	2	경제학
회계사	2024	34	2	경제학
회계사	2024	35	3	경제학
회계사	2024	36	1	경제학
회계사	2024	37	3	경제학
회계사	2024	38	4	경제학
회계사	2024	39	4	경제학
회계사	2024	40	1	경제학
회계사	2024	1	1	회계학
회계사	2024	2	2	회계학
회계사	2024	3	4	회계학
회계사	2024	4	4	회계학
회계사	2024	5	3	회계학
회계사	2024	6	5	회계학
회계사	2024	7	3	회계학
회계사	2024	8	5	회계학
회계사	2024	9	3	회계학
회계사	2024	10	2	회계학
회계사	2024	11	5	회계학
회계사	2024	12	4	회계학
회계사	2024	13	2	회계학
회계사	2024	14	3	회계학
회계사	2024	15	4	회계학
회계사	2024	16	2	회계학
회계사	2024	17	3	회계학
회계사	2024	18	5	회계학
회계사	2024	19	2	회계학
회계사	2024	20	4	회계학
회계사	2024	21	2	회계학
회계사	2024	22	1	회계학
회계사	2024	23	3	회계학
회계사	2024	24	1	회계학
회계사	2024	25	4	회계학
회계사	2024	26	4	회계학
회계사	2024	27	5	회계학
회계사	2024	28	1	회계학
회계사	2024	29	3	회계학
회계사	2024	30	5	회계학
회계사	2024	31	4	회계학
회계사	2024	32	2	회계학
회계사	2024	33	5	회계학
회계사	2024	34	1	회계학
회계사	2024	35	1	회계학
회계사	2024	36	3	회계학
회계사	2024	37	5	회계학
회계사	2024	38	4	회계학
회계사	2024	39	1	회계학
회계사	2024	40	2	회계학
회계사	2024	41	5	회계학
회계사	2024	42	3	회계학
회계사	2024	43	2	회계학
회계사	2024	44	1	회계학
회계사	2024	45	2	회계학
회계사	2024	46	1	회계학
회계사	2024	47	4	회계학
회계사	2024	48	5	회계학
회계사	2024	49	4	회계학
회계사	2024	50	3	회계학
회계사	2025	1	1	경제학
회계사	2025	2	4	경제학
회계사	2025	3	1	경제학
회계사	2025	4	2	경제학
회계사	2025	5	4	경제학
회계사	2025	6	3	경제학
회계사	2025	7	5	경제학
회계사	2025	8	4	경제학
회계사	2025	9	2	경제학
회계사	2025	10	5	경제학
회계사	2025	11	2	경제학
회계사	2025	12	3	경제학
회계사	2025	13	4	경제학
회계사	2025	14	3	경제학
회계사	2025	15	1	경제학
회계사	2025	16	5	경제학
회계사	2025	17	4	경제학
회계사	2025	18	3	경제학
회계사	2025	19	2	경제학
회계사	2025	20	1	경제학
회계사	2025	21	3	경제학
회계사	2025	22	4	경제학
회계사	2025	23	1	경제학
회계사	2025	24	5	경제학
회계사	2025	25	5	경제학
회계사	2025	26	1	경제학
회계사	2025	27	5	경제학
회계사	2025	28	2	경제학
회계사	2025	29	3	경제학
회계사	2025	30	2	경제학
회계사	2025	31	1	경제학
회계사	2025	32	2	경제학
회계사	2025	1	1	회계학
회계사	2025	2	5	회계학
회계사	2025	3	4	회계학
회계사	2025	4	4	회계학
회계사	2025	5	1	회계학
회계사	2025	6	3	회계학
회계사	2025	7	2	회계학
회계사	2025	8	3	회계학
회계사	2025	9	5	회계학
회계사	2025	10	2	회계학
회계사	2025	11	4	회계학
회계사	2025	12	2	회계학
회계사	2025	13	4	회계학
회계사	2025	14	5	회계학
회계사	2025	15	3	회계학
회계사	2025	16	3	회계학
회계사	2025	17	1	회계학
회계사	2025	18	2	회계학
회계사	2025	19	1	회계학
회계사	2025	20	5	회계학
회계사	2025	21	4	회계학
회계사	2025	22	3	회계학
회계사	2025	23	5	회계학
회계사	2025	24	4	회계학
회계사	2025	25	4	회계학
회계사	2025	26	1	회계학
회계사	2025	27	2	회계학
회계사	2025	28	5	회계학
회계사	2025	29	3	회계학
회계사	2025	30	4	회계학
회계사	2025	31	3	회계학
회계사	2025	32	2	회계학
회계사	2025	33	2	회계학
회계사	2025	34	3	회계학
회계사	2025	35	1	회계학
회계사	2025	36	3	회계학
회계사	2025	37	2	회계학
회계사	2025	38	5	회계학
회계사	2025	39	1	회계학
회계사	2025	40	1	회계학
회계사	2025	41	3	회계학
회계사	2025	42	3	회계학
회계사	2025	43	4	회계학
회계사	2025	44	4	회계학
회계사	2025	45	4	회계학
회계사	2025	46	3	회계학
회계사	2025	47	1	회계학
회계사	2025	48	2	회계학
회계사	2025	49	3	회계학
회계사	2025	50	5	회계학
회계사	2026	1	1	경제학
회계사	2026	2	3	경제학
회계사	2026	3	2	경제학
회계사	2026	4	1	경제학
회계사	2026	5	3	경제학
회계사	2026	6	4	경제학
회계사	2026	7	4	경제학
회계사	2026	8	2	경제학
회계사	2026	9	1	경제학
회계사	2026	10	3	경제학
회계사	2026	11	3	경제학
회계사	2026	12	4	경제학
회계사	2026	13	2	경제학
회계사	2026	14	4	경제학
회계사	2026	15	2	경제학
회계사	2026	16	5	경제학
회계사	2026	17	5	경제학
회계사	2026	18	2	경제학
회계사	2026	19	5	경제학
회계사	2026	20	5	경제학
회계사	2026	21	4	경제학
회계사	2026	22	1	경제학
회계사	2026	23	4	경제학
회계사	2026	24	2	경제학
회계사	2026	25	5	경제학
회계사	2026	26	3	경제학
회계사	2026	27	4	경제학
회계사	2026	28	3	경제학
회계사	2026	29	5	경제학
회계사	2026	30	5	경제학
회계사	2026	31	1	경제학
회계사	2026	32	1	경제학
회계사	2026	1	3	회계학
회계사	2026	2	5	회계학
회계사	2026	3	2	회계학
회계사	2026	4	3	회계학
회계사	2026	5	4	회계학
회계사	2026	6	1	회계학
회계사	2026	7	4	회계학
회계사	2026	8	1	회계학
회계사	2026	9	5	회계학
회계사	2026	10	4	회계학
회계사	2026	11	3	회계학
회계사	2026	12	4	회계학
회계사	2026	13	5	회계학
회계사	2026	14	2	회계학
회계사	2026	15	3	회계학
회계사	2026	16	5	회계학
회계사	2026	17	1	회계학
회계사	2026	18	4	회계학
회계사	2026	19	1	회계학
회계사	2026	20	3	회계학
회계사	2026	21	2	회계학
회계사	2026	22	1	회계학
회계사	2026	23	2	회계학
회계사	2026	24	3	회계학
회계사	2026	25	2	회계학
회계사	2026	26	3	회계학
회계사	2026	27	2	회계학
회계사	2026	28	5	회계학
회계사	2026	29	1	회계학
회계사	2026	30	4	회계학
회계사	2026	31	4	회계학
회계사	2026	32	3	회계학
회계사	2026	33	1	회계학
회계사	2026	34	5	회계학
회계사	2026	35	2	회계학
회계사	2026	36	4	회계학
회계사	2026	37	2	회계학
회계사	2026	38	1	회계학
회계사	2026	39	4	회계학
회계사	2026	40	2	회계학
회계사	2026	41	3	회계학
회계사	2026	42	2	회계학
회계사	2026	43	2	회계학
회계사	2026	44	4	회계학
회계사	2026	45	1	회계학
회계사	2026	46	1	회계학
회계사	2026	47	3	회계학
회계사	2026	48	4	회계학
회계사	2026	49	5	회계학
회계사	2026	50	5	회계학
