actuary_42_acc_11	㈜한국은 20x1년 12월 31일 창고에 화재가 발생하여 재고자산의 80%가 소실되었다. ㈜한국의 장부를 검토하여 다음과 같은 정보를 확인하였다. 재고자산 추정손실금액은 얼마인가? 단, ㈜한국의 매출과 매입은 모두 신용거래이며, 최근 3년간 평균매출총이익률은 30%이다.\n\n- 기초 매입채무: ₩30,000\n- 기말 매입채무: ₩20,000\n- 기초 재고자산: ₩10,000\n- 기초 매출채권: ₩60,000\n- 기말 매출채권: ₩40,000\n- 당기 매출채권 현금회수액: ₩50,000\n- 당기 매입채무 현금지급액: ₩40,000
actuary_42_acc_12	㈜한국은 20x1년 초 건물을 ₩100,000에 구입하면서 정부발행 채권을 액면가액(₩50,000)으로 의무 매입하였다. 동 채권은 3년 만기이며, 액면이자율은 5%이고, 이자는 매년 말에 후급한다. ㈜한국은 취득한 채권을 상각후원가측정 금융자산으로 분류하였으며, 구입당시 시장이자율은 8%이다. 20x1년 초에 인식할 건물의 취득원가는 얼마인가? 단, 8%, 3기간의 단일금액 ₩1의 현재가치는 0.79, 정상연금 ₩1의 현재가치는 2.58이다.
actuary_42_acc_13	㈜한국은 본사 건물 신축공사를 20x1년 2월 1일에 개시하여 20x1년 12월 31일에 완공하였다. 신축공사에 지출된 금액은 다음과 같으며, 건물 신축을 위한 목적으로 20x1년 2월 1일 특정차입금 ₩120,000을 은행으로부터 연 10% 이자율로 차입하였다(만기일 20x1년 12월 31일). 이 중에서 ₩30,000은 20x1년 2월 1일부터 2개월간 연 8% 수익률로 일시투자하였다. 20x1년 ㈜한국이 특정차입금과 관련하여 자본화할 차입원가는 얼마인가? 단, 연평균지출액과 이자비용은 월할로 계산한다.\n\n| 날짜 | 지출액 |\n|---|---|\n| 20x1년 2월 1일 | ₩90,000 |\n| 20x1년 4월 1일 | ₩60,000 |\n| 20x1년 12월 31일 | ₩40,000 |
actuary_42_acc_14	㈜한국은 20x1년 1월 1일 기계장치를 ₩100,000에 취득하였다. 동 기계장치의 내용연수는 5년이며, 잔존가치는 ₩0이다. ㈜한국은 기계장치에 대해 원가모형을 적용하고, 정액법으로 감가상각하고 있다. 20x2년 말에 기계장치에 대하여 손상징후가 있어 회수가능액을 추정하였는데 순공정가치는 ₩43,000, 사용가치는 ₩45,000이었다. 장부금액과 회수가능액의 차이는 중요하며 자산의 손상사유에 해당한다. 20x2년에 ㈜한국이 인식할 손상차손은 얼마인가?
actuary_42_acc_15	㈜한국은 20x1년 1월 1일 액면금액 ₩1,000,000(액면이자율 연 5%, 이자지급 매년말, 만기 20x3년 12월 31일)의 사채를 발행하였으며, 동 사채의 발행시점 유효이자율은 연 7%이다. ㈜한국은 20x2년 6월 30일 동 사채를 ₩990,000(액면이자 포함)에 조기상환하였다. 사채상환손익은 얼마인가? 단, 계산금액은 소수점 첫째자리에서 반올림하며, 단수차이로 인한 오차가 있으면 가장 근사치를 선택한다.\n\n| 할인율 | 단일금액 1기간 | 단일금액 2기간 | 단일금액 3기간 | 정상연금 1기간 | 정상연금 2기간 | 정상연금 3기간 |\n|---|---|---|---|---|---|---|\n| 5% | 0.9524 | 0.9070 | 0.8638 | 0.9524 | 1.8594 | 2.7232 |\n| 7% | 0.9346 | 0.8734 | 0.8163 | 0.9346 | 1.8080 | 2.6243 |
actuary_42_acc_16	㈜한국은 20x1년 1월 1일 액면금액 ₩100,000(액면이자율 연 3%, 이자지급 매년말, 만기 20x3년 12월 31일)의 사채를 발행하였으며, 동 사채의 발행시점 유효이자율은 연 4%이다. 다음 설명 중 옳지 않은 것은? 단, 계산금액은 소수점 첫째자리에서 반올림하며, 단수차이로 인한 오차가 있으면 가장 근사치를 선택한다.\n\n| 할인율 | 단일금액 1기간 | 단일금액 2기간 | 단일금액 3기간 | 정상연금 1기간 | 정상연금 2기간 | 정상연금 3기간 |\n|---|---|---|---|---|---|---|\n| 3% | 0.9709 | 0.9426 | 0.9151 | 0.9709 | 1.9135 | 2.8286 |\n| 4% | 0.9615 | 0.9246 | 0.8890 | 0.9615 | 1.8861 | 2.7751 |
actuary_42_acc_17	다음은 ㈜한국이 20x1년에 연구개발 프로젝트와 관련하여 지출한 내역이다. 20x1년에 ㈜한국이 인식할 무형자산의 취득원가는 얼마인가? 단, 개발단계에서 발생한 지출은 무형자산의 인식요건을 충족하는 것으로 가정한다.\n\n|  |  |\n|---|---|\n| 연구결과나 기타 지식을 평가 및 최종 선택하는 활동 | ₩100,000 |\n| 생산이나 사용 전의 시제품과 모형을 제작하는 활동 | ₩150,000 |\n| 새로운 기술과 관련된 금형을 설계하는 활동 | ₩210,000 |\n| 개발된 제품의 대량생산을 위해 필요한 기계장치의 취득 | ₩600,000 |\n| 개발 후 해당 자산을 운용하는 직원에 대한 교육훈련비 | ₩32,000 |
actuary_42_acc_18	무형자산에 대한 설명으로 옳지 않은 것은?
actuary_42_acc_19	㈜한국은 퇴직급여제도로 확정급여제도를 운영하고 있다. 확정급여채무 계산시 적용하는 할인율은 연 5%이며, 퇴직금의 지급은 20x1년 12월 31일에 이루어졌다. ㈜한국의 20x1년 퇴직금 지급액은 얼마인가? 단, 확정급여채무에서 발생하는 재측정요소는 없다고 가정한다.\n\n- 20x1년 1월 1일 확정급여채무: ₩500,000\n- 당기근무원가: ₩50,000\n- 퇴직금 지급액: ?\n- 20x1년 12월 31일 확정급여채무: ₩400,000
actuary_42_acc_20	퇴직급여제도에 대한 설명으로 옳지 않은 것은?
