actuary_49_econ_1	1. 두 재화 $X, Y$의 가격이 각각 1, 10이고, 소비자 갑의 효용함수가 $U(X, Y) = (X+2)(Y+3)$이다. 갑이 예산제약하에서 효용을 극대화할 때, 두 재화 $X, Y$를 모두 소비하고 있다. 이에 대한 설명으로 옳은 것은?	① $X$재 소비량과 $Y$재 소비량은 같다. ||| ② $X$재 소비량이 $Y$재 소비량보다 1 크다. ||| ③ $X$재 소비량이 $Y$재 소비량보다 1 작다. ||| ④ $X$재 소비량이 $Y$재 소비량보다 2 크다.
actuary_49_econ_2	__FIGURE__
actuary_49_econ_3	3. 생산요소 $X_1, X_2, X_3, X_4$을 이용한 기업 A의 생산함수가 $Y = \min\{X_1, X_2\} + \min\{X_3, X_4\}$ 이다. $X_1, X_2, X_3, X_4$의 가격이 각각 4, 8, 5, 3이며, 생산을 위해 $X_2$를 최소 20단위 사용해야 한다. 기업 A가 $Y = 100$을 생산하는 경우 최소화된 비용은?	① 1,040 ||| ② 880 ||| ③ 700 ||| ④ 300
actuary_49_econ_4	4. 완전경쟁시장에서 이윤 극대화하는 기업 A의 생산량이 $Y$이고 가격이 $P$이며, 장기총비용함수는 $Y = 0$인 경우 $C(0) = 0$이고, $Y > 0$인 경우 $C(Y) = 5Y^2 + 1{,}125$이다. 기업 A의 장기공급곡선은?	① $P > 148$일 때 $Y = \frac{P}{5}$, $P < 148$ 일 때 $Y = 0$ ||| ② $P > 148$일 때 $Y = \frac{P}{10}$, $P < 148$ 일 때 $Y = 0$ ||| ③ $P > 150$일 때 $Y = \frac{P}{5}$, $P < 150$ 일 때 $Y = 0$ ||| ④ $P > 150$일 때 $Y = \frac{P}{10}$, $P < 150$ 일 때 $Y = 0$
actuary_49_econ_5	5. 완전경쟁인 산업 B에 장기비용곡선이 $C(Y) = 2 + \frac{Y^2}{2}$인 100개의 기업과 $C(Y) = \frac{Y^2}{10}$인 60개의 기업으로 구성되어 있다. 새로운 기업이 더 이상 진입하지 않을 때, 생산물 가격 $P$가 2보다 큰 경우 산업 B의 장기공급곡선은? (단, $Y$는 생산량이다.)	① $Y = 200P$ ||| ② $Y = 300P$ ||| ③ $Y = 400P$ ||| ④ $Y = 420P$
actuary_49_econ_6	6. 자연독점인 기업 A의 총비용함수는 $C(Q) = 350 + 20Q$이고, A가 직면하는 수요함수는 $Q = 50 - \frac{1}{2}P$이다. 정부는 기업 A가 양(+)의 생산을 유지하되 평균비용으로 가격 설정하도록 규제하는 경우 이에 대한 설명으로 옳은 것은? (단, $Q$는 수량, $P$는 가격이다.)	① 기업 A가 정부 규제를 따르는 것은 불가능하다. ||| ② 기업 A는 가격을 70으로 설정해야 한다. ||| ③ 기업 A는 40단위 생산해야 한다. ||| ④ 기업 A는 5단위 또는 35단위를 생산할 수 있다.
actuary_49_econ_7	7. 산업 B에 속한 독점 혹은 복점 기업의 한계비용은 8이고, 시장수요곡선은 $Q = 20 - P$일 때, 옳은 것은? (단, $Q$는 수량, $P$는 가격이다.) [표: 독점기업 생산량 / 꾸르노(Cournot) 복점시장 총생산량 / 슈타켈버그(Stackelberg) 선도기업 생산량 / 추종기업 생산량]	① 독점 6, 꾸르노 8, 슈타켈버그 선도 6, 추종 3 ||| ② 독점 8, 꾸르노 6, 슈타켈버그 선도 6, 추종 4 ||| ③ 독점 6, 꾸르노 8, 슈타켈버그 선도 8, 추종 3 ||| ④ 독점 6, 꾸르노 6, 슈타켈버그 선도 8, 추종 4
actuary_49_econ_8	8. 재화 $X$의 직선인 시장수요곡선의 기울기는 -30이고 직선인 시장공급곡선의 기울기는 20이다. 정부는 재화 $X$의 단위당 3의 조세를 부과하였다. 조세부과 이전과 비교할 때, 이에 대한 설명으로 옳은 것은?	① 재화 $X$의 시장 거래량은 증가한다. ||| ② 수요자가 지불하는 가격은 3 이상 상승한다. ||| ③ 수요자가 지불하는 가격은 3 이상 하락한다. ||| ④ 수요자가 지불하는 가격의 상승폭은 공급자가 받는 가격의 하락폭보다 크다.
actuary_49_econ_9	9. 세 국가 갑, 을, 병이 유일한 생산요소인 노동만을 이용해 두 재화 $X, Y$를 생산하고 있다. 각 재화 1단위 생산에 필요한 노동량은 아래 표와 같다. 세 국가가 비교우위 원리에 따라 생산하며 $X$재 1단위당 $Y$재 2.5단위의 비율로 교역하고 있다. 이에 대한 설명으로 옳지 않은 것은? [표: 갑국/을국/병국 — $X$재 2시간/3시간/3시간, $Y$재 4시간/9시간/12시간]	① 갑국에서 $Y$재 1단위 생산의 기회비용은 $X$재 2단위이다. ||| ② 갑국은 $Y$재를 생산하여 수출하고, 병국은 $X$재를 생산하여 수출한다. ||| ③ 을국은 갑국에는 $X$재화를, 병국에는 $Y$재화를 수출한다. ||| ④ 병국의 교역을 통한 이득은 갑국보다 더 크다.
actuary_49_econ_10	10. 갑국의 $X$재에 대한 시장공급곡선은 $Q_s = P$, 시장수요곡선은 $Q_d = 120 - P$이다. 그동안 갑국은 자유무역을 통해 국제가격 20에서 $X$재를 수입해 왔으나, 국내 생산자를 보호하기 위해 $X$재 단위당 10의 관세를 부과하기로 하였다. 관세 부과에 대한 설명으로 옳지 않은 것은? (단, $Q_s, Q_d, P$는 각각 $X$재의 공급량, 수요량, 가격이다.)	① 정부의 관세 수입은 600이다. ||| ② 국내 생산자의 공급량은 10이 증가한다. ||| ③ 국내 소비자 잉여는 950이 감소한다. ||| ④ 국내 생산자 잉여는 200이 증가한다.
