생존	A	B	장	절	관
1	1	0	제1장 재정학의 개요	제2절 경제적 효율성과 시장실패	제2관 후생경제학의 기본정리
1	1	0	제3장 공공지출이론	제7절 비용-편익분석	제4관 위험과 불확실성
1	1	0	제4장 조세의 기초 및 전가와 귀착	제8절 조세의 기초이론	제2관 조세부담의 측정
1	1	0	제4장 조세의 기초 및 전가와 귀착	제8절 조세의 기초이론	제4관 우리나라 조세체계
1	0	1	제4장 조세의 기초 및 전가와 귀착	제8절 조세의 기초이론	제3관 조세의 초과부담
2	2	0	제1장 국제무역론	제2절 무역정책론	제4관 경제통합과 WTO
2	0	2	제4장 총수요·총공급이론	제10절 재정정책과 금융정책	제3관 구축효과
2	1	1	제1장 재정학의 개요	제1절 재정학의 기초	제2관 정부의 경제적 역할 (머스그레이브의 3대 기능)
2	1	1	제1장 재정학의 개요	제1절 재정학의 기초	제3관 재정학의 분석방법
2	2	0	제2장 외부성, 공공재, 공공선택이론	제3절 외부성	제2관 코즈정리
2	1	1	제2장 외부성, 공공재, 공공선택이론	제5절 공공선택이론	제3관 정치과정과 정부실패
3	2	1	제4장 조세의 기초 및 전가와 귀착	제9절 조세의 전가와 귀착	제2관 부분균형 분석
3	2	1	제4장 조세의 기초 및 전가와 귀착	제9절 조세의 전가와 귀착	제3관 일반균형 분석 (하버거 모형)
3	3	0	제5장 조세의 초과부담 및 최적과세론	제10절 조세와 효율성 : 초과부담	제3관 노동공급·저축·투자에 미치는 영향
3	2	1	제1장 국제무역론	제1절 국제무역이론	제4관 신무역이론 (크루그먼·차별제품)
3	2	1	제1장 국제무역론	제2절 무역정책론	제2관 비관세장벽 (수입할당·수출자율규제)
3	3	0	제2장 국제금융론	제4절 국제수지론	제3관 J-curve 효과
3	1	2	제2장 국제금융론	제4절 국제수지론	제4관 먼델-플레밍 모형
3	3	0	제2장 소비함수론과 투자함수론	제6절 투자함수론	제4관 토빈의 q이론
3	1	2	제4장 총수요·총공급이론	제10절 재정정책과 금융정책	제2관 금융정책의 효과
3	3	0	제4장 총수요·총공급이론	제10절 재정정책과 금융정책	제4관 정책혼합 (policy mix)
3	3	0	제7장 경기변동과 경제성장	제18절 경기변동론	제4관 새케인즈학파의 경기변동이론
3	3	0	제7장 일반균형이론 및 후생경제학	제22절 후생경제학	제1관 후생경제학의 제1·제2정리
3	1	2	제3장 소비자이론	제8절 현시선호이론	제2관 수요곡선의 도출
3	1	2	제7장 일반균형이론 및 후생경제학	제21절 일반균형이론과 경제적 효율성	제3관 효율성의 조건
3	1	2	제2장 외부성, 공공재, 공공선택이론	제4절 공공재이론	제2관 공공재의 최적공급 (린달균형·사뮤엘슨 조건)
3	2	1	제3장 공공지출이론	제6절 정부지출과 예산제도	제4관 발생주의 예산회계
4	2	2	제1장 재정학의 개요	제2절 경제적 효율성과 시장실패	제3관 시장실패의 원인
4	4	0	제4장 조세의 기초 및 전가와 귀착	제9절 조세의 전가와 귀착	제4관 시장구조별 조세귀착
4	4	0	제6장 조세의 경제적 효과	제13절 조세의 경제적 효과	제3관 조세와 위험부담
4	2	2	제7장 재정학의 기타주제	제14절 소득분배 및 사회보장	제2관 빈곤의 측정
4	2	2	제1장 국제무역론	제1절 국제무역이론	제2관 헥셔-올린 정리
4	2	2	제2장 국제금융론	제3절 환율, 환율결정이론, 환율제도	제3관 이자율평형설 (IRP)
4	4	0	제1장 거시경제학 기초와 국민소득결정	제1절 거시경제학의 기초	제2관 거시경제 모형의 분류
4	4	0	제5장 인플레이션과 실업	제12절 물가와 인플레이션	제2관 인플레이션의 원인 (수요견인·비용인상)
4	3	1	제5장 인플레이션과 실업	제12절 물가와 인플레이션	제4관 디플레이션과 디스인플레이션
4	4	0	제5장 인플레이션과 실업	제13절 노동시장과 실업	제3관 효율임금이론·내부자-외부자 이론
4	3	1	제5장 인플레이션과 실업	제14절 필립스곡선과 스태그플레이션	제3관 스태그플레이션과 자연실업률가설
4	4	0	제7장 경기변동과 경제성장	제18절 경기변동론	제3관 실물경기변동이론 (RBC)
4	3	1	제3장 소비자이론	제6절 한계효용이론	제3관 수요곡선의 도출
4	2	2	제3장 소비자이론	제7절 무차별곡선이론	제3관 가격효과·대체효과·소득효과
4	3	1	제4장 생산자이론	제12절 비용이론	제2관 단기비용함수
4	3	1	제3장 공공지출이론	제6절 정부지출과 예산제도	제3관 예산제도의 발전 (PPBS·ZBB 등)
5	3	2	제5장 조세의 초과부담 및 최적과세론	제11절 최적과세론	제2관 최적소득세 (멀리스 모형)
5	3	2	제7장 재정학의 기타주제	제14절 소득분배 및 사회보장	제3관 사회보장제도
5	3	2	제1장 국제무역론	제1절 국제무역이론	제3관 스톨퍼-사무엘슨 정리·립진스키 정리
5	2	3	제2장 소비함수론과 투자함수론	제5절 소비함수론	제1관 케인즈의 절대소득가설
5	4	1	제2장 소비함수론과 투자함수론	제5절 소비함수론	제2관 쿠즈네츠의 실증연구
5	2	3	제2장 소비함수론과 투자함수론	제5절 소비함수론	제3관 항상소득가설
5	3	2	제2장 소비함수론과 투자함수론	제6절 투자함수론	제1관 현재가치법과 내부수익률법
5	4	1	제2장 소비함수론과 투자함수론	제6절 투자함수론	제2관 케인즈의 자본의 한계효율 이론
5	4	1	제2장 소비함수론과 투자함수론	제6절 투자함수론	제3관 가속도원리·신축적 가속도원리
5	3	2	제3장 화폐금융론	제7절 금융제도와 화폐공급	제3관 신용창조
5	1	4	제4장 총수요·총공급이론	제9절 IS-LM모형	제4관 유동성함정과 투자의 이자율 비탄력
5	3	2	제4장 총수요·총공급이론	제11절 총수요·총공급	제3관 AD-AS 균형
5	4	1	제5장 인플레이션과 실업	제14절 필립스곡선과 스태그플레이션	제2관 기대부가 필립스곡선
5	1	4	제7장 경기변동과 경제성장	제19절 경제성장론	제3관 황금률 (Golden Rule)
5	4	1	제7장 경기변동과 경제성장	제19절 경제성장론	제4관 내생적 성장이론
5	1	4	제3장 소비자이론	제7절 무차별곡선이론	제4관 슬러츠키 분해
5	3	2	제3장 소비자이론	제10절 기대효용이론	제3관 위험프리미엄과 보험
5	2	3	제4장 생산자이론	제12절 비용이론	제3관 장기비용함수와 규모의 경제
5	0	5	제5장 시장이론	제16절 과점시장	제3관 굴절수요곡선·가격선도
5	4	1	제3장 공공지출이론	제7절 비용-편익분석	제1관 비용-편익분석의 절차
6	6	0	제6장 조세의 경제적 효과	제12절 개별조세이론	제3관 소비세 (부가가치세)
6	4	2	제7장 재정학의 기타주제	제15절 공공요금의 이론	제3관 램지 가격설정·이부요금제
6	3	3	제7장 재정학의 기타주제	제16절 공채론	제2관 공채의 경제적 효과
6	3	3	제7장 재정학의 기타주제	제17절 지방재정	제4관 지방재정조정제도
6	3	3	제1장 국제무역론	제2절 무역정책론	제3관 자유무역 vs 보호무역
6	6	0	제1장 거시경제학 기초와 국민소득결정	제3절 고전학파의 국민소득결정이론	제3관 화폐수량설
6	4	2	제4장 생산자이론	제11절 생산이론	제3관 장기생산함수 (등량곡선·기술적 한계대체율)
6	0	6	제5장 시장이론	제16절 과점시장	제4관 카르텔과 담합
6	4	2	제7장 일반균형이론과 후생경제학	제22절 후생경제학	제2관 사회후생함수
6	2	4	제2장 외부성, 공공재, 공공선택이론	제3절 외부성	제3관 피구세·피구보조금
6	3	3	제3장 공공지출이론	제7절 비용-편익분석	제3관 평가기준 (NPV·B/C·IRR)
7	5	2	제5장 조세의 초과부담 및 최적과세론	제11절 최적과세론	제3관 효율-공평 상충관계
7	6	1	제7장 재정학의 기타주제	제17절 지방재정	제3관 지방세와 지방교부세
7	7	0	제2장 국제금융론	제3절 환율, 환율결정이론, 환율제도	제4관 환율제도 (고정·변동·관리변동)
7	3	4	제1장 거시경제학 기초와 국민소득결정	제2절 국민소득의 측정과 경제구조	제2관 명목·실질 GDP, GDP 디플레이터
7	6	1	제1장 거시경제학 기초와 국민소득결정	제4절 케인즈의 국민소득결정이론	제2관 케인즈의 단순모형 (45도선)
7	4	3	제1장 거시경제학 기초와 국민소득결정	제4절 케인즈의 국민소득결정이론	제4관 절약의 역설
7	6	1	제4장 총수요·총공급이론	제9절 IS-LM모형	제2관 LM곡선의 도출과 이동
7	5	2	제5장 인플레이션과 실업	제14절 필립스곡선과 스태그플레이션	제4관 합리적 기대와 필립스곡선
7	5	2	제6장 거시경제학파와 안정화정책	제17절 안정화정책과 관련된 논쟁	제2관 최적정책의 동태적 비일관성
7	5	2	제3장 소비자이론	제9절 소비자이론의 응용	제2관 시점간 소비선택
7	5	2	제7장 일반균형이론과 후생경제학	제21절 일반균형이론과 경제적 효율성	제1관 일반균형의 개념
8	2	6	제7장 재정학의 기타주제	제17절 지방재정	제2관 티부의 가설
8	6	2	제2장 국제금융론	제3절 환율, 환율결정이론, 환율제도	제2관 구매력평가설 (PPP)
8	8	0	제1장 거시경제학 기초와 국민소득결정	제3절 고전학파의 국민소득결정이론	제2관 노동시장과 총생산함수
8	5	3	제1장 거시경제학 기초와 국민소득결정	제4절 케인즈의 국민소득결정이론	제3관 승수효과
8	6	2	제2장 소비함수론과 투자함수론	제5절 소비함수론	제4관 생애주기가설
8	5	3	제3장 화폐금융론	제7절 금융제도와 화폐공급	제4관 중앙은행의 통화정책 수단
8	5	3	제3장 소비자이론	제7절 무차별곡선이론	제2관 예산선과 소비자균형
9	7	2	제1장 거시경제학 기초와 국민소득결정	제2절 국민소득의 측정과 경제구조	제3관 국민소득 3면 등가의 원칙
9	7	2	제1장 거시경제학 기초와 국민소득결정	제3절 고전학파의 국민소득결정이론	제1관 세이의 법칙
9	8	1	제3장 화폐금융론	제8절 화폐수요와 금융정책	제2관 케인즈의 유동성선호설
9	7	2	제4장 총수요·총공급이론	제11절 총수요·총공급	제4관 수요충격·공급충격
9	7	2	제6장 거시경제학파와 안정화정책	제17절 안정화정책과 관련된 논쟁	제3관 정책의 시차
9	5	4	제3장 공공지출이론	제6절 정부지출과 예산제도	제2관 예산의 원칙
10	9	1	제6장 조세의 경제적 효과	제12절 개별조세이론	제2관 법인세
10	7	3	제7장 재정학의 기타주제	제15절 공공요금의 이론	제1관 자연독점과 공공요금
10	10	0	제1장 거시경제학 기초와 국민소득결정	제1절 거시경제학의 기초	제1관 거시경제학의 주요 변수와 이슈
10	6	4	제5장 시장이론	제17절 게임이론	제3관 순차게임·반복게임
10	10	0	제7장 일반균형이론과 후생경제학	제22절 후생경제학	제3관 애로우의 불가능성 정리
11	8	3	제2장 국제금융론	제4절 국제수지론	제2관 국제수지 조정이론 (탄력성·흡수·통화접근)
11	8	3	제5장 인플레이션과 실업	제12절 물가와 인플레이션	제3관 인플레이션의 비용
11	6	5	제5장 시장이론	제17절 게임이론	제2관 죄수의 딜레마
11	6	5	제8장 시장실패와 정보경제학	제23절 시장실패	제2관 외부성
11	4	7	제8장 시장실패와 정보경제학	제24절 정보경제학과 행동경제학	제2관 신호발송·선별
11	7	4	제8장 시장실패와 정보경제학	제24절 정보경제학과 행동경제학	제3관 행동경제학 기초
11	4	7	제7장 일반균형이론 및 후생경제학	제21절 일반균형이론과 경제적 효율성	제2관 에지워스 상자와 파레토 효율
11	11	0	제7장 일반균형이론 및 후생경제학	제22절 후생경제학	제3관 애로우의 불가능성 정리
12	8	4	제6장 거시경제학파와 안정화정책	제15절 각 학파 모형의 주요내용	제2관 통화주의
12	3	9	제2장 수요·공급의 이론	제5절 수요·공급이론의 응용	제3관 보조금의 효과
12	5	7	제3장 소비자이론	제6절 한계효용이론	제2관 한계효용 균등의 법칙
12	7	5	제4장 생산자이론	제11절 생산이론	제2관 단기생산함수 (한계생산·평균생산)
12	8	4	제5장 시장이론	제13절 완전경쟁시장	제3관 장기균형
12	8	4	제8장 시장실패와 정보경제학	제23절 시장실패	제4관 코즈 정리
13	7	6	제5장 조세의 초과부담 및 최적과세론	제10절 조세와 효율성 : 초과부담	제1관 초과부담의 의의와 측정
13	6	7	제6장 조세의 경제적 효과	제12절 개별조세이론	제4관 재산세
13	12	1	제1장 거시경제학 기초와 국민소득결정	제2절 국민소득의 측정과 경제구조	제1관 GDP·GNI 등 국민소득 지표
13	7	6	제3장 화폐금융론	제8절 화폐수요와 금융정책	제3관 보몰-토빈 모형·프리드만의 신화폐수량설
13	1	12	제4장 총수요·총공급이론	제9절 IS-LM모형	제3관 IS-LM 균형
13	6	7	제4장 생산자이론	제11절 생산이론	제4관 규모에 대한 수익
13	11	2	제6장 생산요소시장과 소득분배	제19절 불완전경쟁 요소시장	제3관 쌍방독점
13	10	3	제7장 일반균형이론과 후생경제학	제21절 일반균형이론과 경제적 효율성	제3관 효율성의 조건
14	7	7	제7장 재정학의 기타주제	제16절 공채론	제3관 리카도의 등가정리
14	9	5	제4장 총수요·총공급이론	제11절 총수요·총공급	제1관 총수요곡선의 도출
14	12	2	제6장 거시경제학파와 안정화정책	제16절 새고전학파·새케인즈학파	제2관 새케인즈학파 (가격경직성·메뉴비용)
14	3	11	제7장 경기변동과 경제성장	제19절 경제성장론	제2관 솔로우 성장모형
14	6	8	제3장 소비자이론	제9절 소비자이론의 응용	제3관 소비자잉여
14	8	6	제5장 시장이론	제15절 독점적 경쟁시장	제2관 단기·장기균형
15	11	4	제7장 경기변동과 경제성장	제18절 경기변동론	제2관 케인즈학파 경기변동이론
15	12	3	제3장 소비자이론	제10절 기대효용이론	제2관 위험에 대한 태도
15	8	7	제5장 시장이론	제14절 독점시장	제4관 독점의 폐해와 규제
15	10	5	제6장 생산요소시장과 소득분배	제19절 불완전경쟁 요소시장	제2관 공급독점 (노동조합)
15	8	7	제6장 생산요소시장과 소득분배	제20절 소득분배이론	제2관 로렌츠곡선과 지니계수
15	11	4	제6장 생산요소시장과 소득분배	제20절 소득분배이론	제3관 분배이론 (한계생산력설 등)
15	8	7	제8장 시장실패와 정보경제학	제23절 시장실패	제3관 공공재
16	12	4	제6장 조세의 경제적 효과	제13절 조세의 경제적 효과	제2관 조세와 저축·투자
16	11	5	제5장 인플레이션과 실업	제13절 노동시장과 실업	제2관 자연실업률 이론
16	10	6	제2장 수요·공급의 이론	제3절 수요·공급의 이론	제3관 시장균형
16	9	7	제2장 수요·공급의 이론	제4절 수요와 공급의 탄력성	제4관 탄력성과 총수입
16	13	3	제7장 일반균형이론과 후생경제학	제21절 일반균형이론과 경제적 효율성	제2관 에지워스 상자와 파레토 효율
17	5	12	제3장 화폐금융론	제7절 금융제도와 화폐공급	제2관 본원통화와 통화승수
18	9	9	제7장 재정학의 기타주제	제14절 소득분배 및 사회보장	제4관 부의 소득세·근로장려세제
18	9	9	제4장 총수요·총공급이론	제11절 총수요·총공급	제2관 총공급곡선 (단기·장기)
18	14	4	제6장 거시경제학파와 안정화정책	제15절 각 학파 모형의 주요내용	제1관 고전학파와 케인즈학파
18	11	7	제7장 일반균형이론 및 후생경제학	제21절 일반균형이론과 경제적 효율성	제1관 일반균형의 개념
19	7	12	제2장 수요·공급의 이론	제5절 수요·공급이론의 응용	제2관 조세의 귀착과 사회후생 손실
19	15	4	제3장 공공지출이론	제6절 정부지출과 예산제도	제1관 정부지출의 분류와 추세
20	11	9	제2장 수요·공급의 이론	제4절 수요와 공급의 탄력성	제3관 공급의 가격탄력성
20	10	10	제2장 외부성, 공공재, 공공선택이론	제3절 외부성	제1관 외부성의 유형과 효과
21	14	7	제7장 재정학의 기타주제	제14절 소득분배 및 사회보장	제1관 소득분배의 측정 (로렌츠곡선·지니계수)
21	16	5	제6장 거시경제학파와 안정화정책	제15절 각 학파 모형의 주요내용	제3관 학파 비교
21	10	11	제6장 생산요소시장과 소득분배	제18절 완전경쟁 요소시장	제2관 요소공급
21	8	13	제8장 시장실패와 정보경제학	제23절 시장실패	제1관 시장실패의 원인
22	17	5	제2장 외부성, 공공재, 공공선택이론	제5절 공공선택이론	제2관 애로우의 불가능성정리
22	6	16	제3장 공공지출이론	제7절 비용-편익분석	제2관 사회적 할인율
23	12	11	제2장 국제금융론	제4절 국제수지론	제1관 국제수지표의 구조
24	15	9	제2장 외부성, 공공재, 공공선택이론	제5절 공공선택이론	제4관 지대추구행위
24	11	13	제3장 화폐금융론	제7절 금융제도와 화폐공급	제1관 화폐의 기능과 통화지표
24	15	9	제2장 수요·공급의 이론	제4절 수요와 공급의 탄력성	제2관 수요의 소득탄력성·교차탄력성
24	12	12	제6장 생산요소시장과 소득분배	제18절 완전경쟁 요소시장	제3관 요소시장 균형
24	15	9	제7장 일반균형이론 및 후생경제학	제22절 후생경제학	제2관 사회후생함수
25	17	8	제3장 화폐금융론	제8절 화폐수요와 금융정책	제1관 고전학파의 화폐수요이론
25	13	12	제4장 생산자이론	제12절 비용이론	제1관 회계적 비용과 경제적 비용
25	3	22	제5장 시장이론	제16절 과점시장	제2관 쿠르노·베르트랑·슈타켈베르크 모형
26	17	9	제7장 재정학의 기타주제	제16절 공채론	제1관 공채의 종류와 기능
26	18	8	제4장 총수요·총공급이론	제9절 IS-LM모형	제1관 IS곡선의 도출과 이동
26	17	9	제7장 경기변동과 경제성장	제18절 경기변동론	제1관 경기변동의 특징과 측정
26	16	10	제1장 경제학의 기초	제1절 경제학의 개요	제3관 기회비용과 합리적 선택
27	17	10	제6장 조세의 경제적 효과	제12절 개별조세이론	제1관 소득세
27	17	10	제6장 조세의 경제적 효과	제13절 조세의 경제적 효과	제1관 조세와 노동공급
27	17	10	제2장 국제금융론	제3절 환율, 환율결정이론, 환율제도	제1관 환율의 개념과 표시방법
27	12	15	제5장 인플레이션과 실업	제13절 노동시장과 실업	제1관 실업의 측정과 종류
27	21	6	제5장 인플레이션과 실업	제14절 필립스곡선과 스태그플레이션	제1관 원래의 필립스곡선
28	13	15	제2장 외부성, 공공재, 공공선택이론	제4절 공공재이론	제4관 클럽재
28	11	17	제7장 재정학의 기타주제	제15절 공공요금의 이론	제2관 한계비용 가격설정·평균비용 가격설정
28	23	5	제1장 경제학의 기초	제1절 경제학의 개요	제2관 경제문제와 경제체제
28	19	9	제1장 경제학의 기초	제1절 경제학의 개요	제4관 생산가능곡선
28	9	19	제3장 소비자이론	제9절 소비자이론의 응용	제1관 노동공급 결정
29	16	13	제5장 조세의 초과부담 및 최적과세론	제10절 조세와 효율성 : 초과부담	제2관 보상수요곡선과 초과부담
29	15	14	제1장 국제무역론	제2절 무역정책론	제1관 관세의 효과
29	24	5	제6장 거시경제학파와 안정화정책	제17절 안정화정책과 관련된 논쟁	제1관 재량 vs 준칙
29	24	5	제1장 경제학의 기초	제2절 경제학의 방법론	제2관 경제이론·모형·가정
29	10	19	제2장 수요·공급의 이론	제5절 수요·공급이론의 응용	제1관 가격통제 (최고가격제·최저가격제)
30	15	15	제5장 인플레이션과 실업	제12절 물가와 인플레이션	제1관 물가지수 (CPI·PPI·GDP 디플레이터)
30	20	10	제2장 수요·공급의 이론	제3절 수요·공급의 이론	제1관 수요와 수요곡선
30	9	21	제5장 시장이론	제13절 완전경쟁시장	제2관 단기 이윤극대화
30	26	4	제1장 재정학의 개요	제2절 경제적 효율성과 시장실패	제1관 파레토 효율성
30	12	18	제2장 외부성, 공공재, 공공선택이론	제4절 공공재이론	제1관 공공재의 특성 (비경합성·비배제성)
30	23	7	제2장 외부성, 공공재, 공공선택이론	제5절 공공선택이론	제1관 다수결투표와 중위투표자정리
31	19	12	제2장 수요·공급의 이론	제3절 수요·공급의 이론	제2관 공급과 공급곡선
31	15	16	제2장 소비함수와 투자함수	제6절 투자함수론	
31	25	6	제1장 재정학의 개요	제1절 재정학의 기초	제1관 재정의 의의와 기능
32	15	17	제5장 조세의 초과부담 및 최적과세론	제11절 최적과세론	제1관 최적물품세 (램지 원칙·역탄력성)
32	22	10	제7장 재정학의 기타주제	제17절 지방재정	제1관 재정연방주의
32	16	16	제4장 총수요·총공급이론	제10절 재정정책과 금융정책	제1관 재정정책의 효과
32	13	19	제2장 수요·공급의 이론	제3절 수요·공급의 이론	제4관 수요·공급의 변화와 균형이동
32	22	10	제4장 생산자이론	제11절 생산이론	제1관 생산함수와 생산요소
32	7	25	제5장 시장이론	제14절 독점시장	제3관 가격차별
32	17	15	제4장 조세의 기초 및 전가와 귀착	제8절 조세의 기초이론	제1관 조세의 분류와 원칙
33	26	7	제6장 거시경제학파와 안정화정책	제16절 새고전학파·새케인즈학파	제1관 새고전학파 (합리적기대·실물경기변동)
33	19	14	제3장 소비자이론	제10절 기대효용이론	제1관 기대값과 기대효용
33	23	10	제1장 국민소득결정이론	제1절 거시경제학의 기초	
33	22	11	제1장 국민소득결정이론	제3절 고전학파의 국민소득결정이론	
34	19	15	제1장 국제무역론	제1절 국제무역이론	제1관 절대우위·비교우위 (리카도 모형)
34	15	19	제3장 소비자이론	제7절 무차별곡선이론	제1관 무차별곡선과 한계대체율
34	21	13	제8장 시장실패와 정보경제학	제24절 정보경제학과 행동경제학	제1관 비대칭정보 (역선택·도덕적해이)
35	18	17	제4장 조세의 기초 및 전가와 귀착	제9절 조세의 전가와 귀착	제1관 조세전가의 개념
35	19	16	제2장 수요·공급의 이론	제4절 수요와 공급의 탄력성	제1관 수요의 가격탄력성
35	21	14	제5장 시장이론	제13절 완전경쟁시장	제1관 완전경쟁시장의 특징
35	19	16	제2장 소비함수와 투자함수	제5절 소비함수론	
36	6	30	제3장 소비자이론	제8절 현시선호이론	제1관 현시선호의 약공리·강공리
36	18	18	제5장 시장이론	제17절 게임이론	제1관 전략형 게임과 내쉬균형
37	11	26	제5장 시장이론	제14절 독점시장	제1관 독점의 발생원인
37	18	19	제6장 생산요소시장과 소득분배	제18절 완전경쟁 요소시장	제1관 요소수요 (한계생산물가치)
39	4	35	제5장 시장이론	제14절 독점시장	제2관 독점기업의 이윤극대화
40	24	16	제1장 국민소득결정이론	제2절 국민소득의 측정과 경제구조	제4관 산업연관표·국민계정체계
41	27	14	제6장 생산요소시장과 소득분배	제20절 소득분배이론	제1관 기능별·계층별 분배
43	29	14	제7장 경기변동과 경제성장	제19절 경제성장론	제1관 해로드-도마 모형
43	23	20	제3장 소비자이론	제6절 한계효용이론	제1관 효용과 한계효용
44	15	29	제5장 시장이론	제16절 과점시장	제1관 과점의 특징과 모형 분류
45	26	19	제5장 시장이론	제15절 독점적 경쟁시장	제1관 독점적 경쟁의 특징
46	36	10	제1장 경제학의 기초	제1절 경제학의 개요	제1관 경제학의 정의와 분류
47	20	27	제6장 생산요소시장과 소득분배	제19절 불완전경쟁 요소시장	제1관 수요독점
52	39	13	제1장 경제학의 기초	제2절 경제학의 방법론	제1관 실증경제학과 규범경제학
56	34	22	제1장 국민소득결정이론	제4절 케인즈의 국민소득결정이론	제1관 유효수요의 원리
